{
  "project_info": {
    "project_number": "370349827910",
    "project_id": "awra2y",
    "storage_bucket": "awra2y.appspot.com"
  },
  "client": [
    {
      "client_info": {
        "mobilesdk_app_id": "1:370349827910:android:f9bad97994e4a12b8d6747",
        "android_client_info": {
          "package_name": "com.example.awra2y"
        }
      },
      "oauth_client": [
        {
          "client_id": "370349827910-u1vggbkg14i37jhj3lhp8pkbrqfeiemg.apps.googleusercontent.com",
          "client_type": 3
        }
      ],
      "api_key": [
        {
          "current_key": "AIzaSyDP6gML3SuQbXJqDQVv0y0fEJvewgnTWx8"
        }
      ],
      "services": {
        "appinvite_service": {
          "other_platform_oauth_client": [
            {
              "client_id": "370349827910-u1vggbkg14i37jhj3lhp8pkbrqfeiemg.apps.googleusercontent.com",
              "client_type": 3
            }
          ]
        }
      }
    }
  ],
  "configuration_version": "1"
}